id,title,snippet,url
1909.10155,,,https://arxiv.org/abs/1909.10155
2208.00461,Adaptive Temperature Scaling for Robust Calibration of Deep Neural Networks,"In this paper, we study the post-hoc calibration of modern neural networks, a problem that has drawn a lot of attention in recent years. Many calibration methods of varying complexity have been proposed for the task, but there is no consensus about how expressive these should be. We focus on the task of confidence scaling, specifically on post-hoc methods that generalize Temperature Scaling, we call these the Adaptive Temperature Scaling family. We analyse expressive functions that improve calibration and propose interpretable methods. We show that when there is plenty of data complex models like neural networks yield better performance, but are prone to fail when the amount of data is limited, a common situation in certain post-hoc calibration applications like medical diagnosis. We study the functions that expressive methods learn under ideal conditions and design simpler methods but with a strong inductive bias towards these well-performing functions. Concretely, we propose Entropy-based Temperature Scaling, a simple method that scales the confidence of a prediction according to its entropy. Results show that our method obtains state-of-the-art performance when compared to others and, unlike complex models, it is robust against data scarcity. Moreover, our proposed model enables a deeper interpretation of the calibration process.",https://arxiv.org/abs/2208.00461
1710.08901,,,https://arxiv.org/abs/1710.08901
1908.05164,,,https://arxiv.org/abs/1908.05164
1511.05191,,,https://arxiv.org/abs/1511.05191
2311.12436,Classifier Calibration with ROC-Regularized Isotonic Regression,"Calibration of machine learning classifiers is necessary to obtain reliable and interpretable predictions, bridging the gap between model confidence and actual probabilities. One prominent technique, isotonic regression (IR), aims at calibrating binary classifiers by minimizing the cross entropy on a calibration set via monotone transformations. IR acts as an adaptive binning procedure, which allows achieving a calibration error of zero, but leaves open the issue of the effect on performance. In this paper, we first prove that IR preserves the convex hull of the ROC curve -- an essential performance metric for binary classifiers. This ensures that a classifier is calibrated while controlling for overfitting of the calibration set. We then present a novel generalization of isotonic regression to accommodate classifiers with K classes. Our method constructs a multidimensional adaptive binning scheme on the probability simplex, again achieving a multi-class calibration error equal to zero. We regularize this algorithm by imposing a form of monotony that preserves the K-dimensional ROC surface of the classifier. We show empirically that this general monotony criterion is effective in striking a balance between reducing cross entropy loss and avoiding overfitting of the calibration set.",https://arxiv.org/abs/2311.12436
1710.09412,,,https://arxiv.org/abs/1710.09412
2102.06289,When and How Mixup Improves Calibration,"In many machine learning applications, it is important for the model to provide confidence scores that accurately capture its prediction uncertainty. Although modern learning methods have achieved great success in predictive accuracy, generating calibrated confidence scores remains a major challenge. Mixup, a popular yet simple data augmentation technique based on taking convex combinations of pairs of training examples, has been empirically found to significantly improve confidence calibration across diverse applications. However, when and how Mixup helps calibration is still a mystery. In this paper, we theoretically prove that Mixup improves calibration in \textit{high-dimensional} settings by investigating natural statistical models. Interestingly, the calibration benefit of Mixup increases as the model capacity increases. We support our theories with experiments on common architectures and datasets. In addition, we study how Mixup improves calibration in semi-supervised learning. While incorporating unlabeled data can sometimes make the model less calibrated, adding Mixup training mitigates this issue and provably improves calibration. Our analysis provides new insights and a framework to understand Mixup and calibration.",https://arxiv.org/abs/2102.06289
2308.11990,RankMixup: Ranking-Based Mixup Training for Network Calibration,"Network calibration aims to accurately estimate the level of confidences, which is particularly important for employing deep neural networks in real-world systems. Recent approaches leverage mixup to calibrate the network's predictions during training. However, they do not consider the problem that mixtures of labels in mixup may not accurately represent the actual distribution of augmented samples. In this paper, we present RankMixup, a novel mixup-based framework alleviating the problem of the mixture of labels for network calibration. To this end, we propose to use an ordinal ranking relationship between raw and mixup-augmented samples as an alternative supervisory signal to the label mixtures for network calibration. We hypothesize that the network should estimate a higher level of confidence for the raw samples than the augmented ones (Fig.1). To implement this idea, we introduce a mixup-based ranking loss (MRL) that encourages lower confidences for augmented samples compared to raw ones, maintaining the ranking relationship. We also propose to leverage the ranking relationship among multiple mixup-augmented samples to further improve the calibration capability. Augmented samples with larger mixing coefficients are expected to have higher confidences and vice versa (Fig.1). That is, the order of confidences should be aligned with that of mixing coefficients. To this end, we introduce a novel loss, M-NDCG, in order to reduce the number of misaligned pairs of the coefficients and confidences. Extensive experimental results on standard benchmarks for network calibration demonstrate the effectiveness of RankMixup.",https://arxiv.org/abs/2308.11990
2209.11604,Neural Clamping: Joint Input Perturbation and Temperature Scaling for Neural Network Calibration,"Neural network calibration is an essential task in deep learning to ensure consistency between the confidence of model prediction and the true correctness likelihood. In this paper, we propose a new post-processing calibration method called Neural Clamping, which employs a simple joint input-output transformation on a pre-trained classifier via a learnable universal input perturbation and an output temperature scaling parameter. Moreover, we provide theoretical explanations on why Neural Clamping is provably better than temperature scaling. Evaluated on BloodMNIST, CIFAR-100, and ImageNet image recognition datasets and a variety of deep neural network models, our empirical results show that Neural Clamping significantly outperforms state-of-the-art post-processing calibration methods. The code is available at github.com/yungchentang/NCToolkit, and the demo is available at huggingface.co/spaces/TrustSafeAI/NCTV.",https://arxiv.org/abs/2209.11604
2311.01864,,,https://arxiv.org/abs/2311.01864
2109.03480,,,https://arxiv.org/abs/2109.03480
2309.12236,,,https://arxiv.org/abs/2309.12236
2306.04338v1,,,https://arxiv.org/abs/2306.04338v1
2006.16189v4,,,https://arxiv.org/abs/2006.16189v4
2201.12150v2,,,https://arxiv.org/abs/2201.12150v2
2304.02381v2,,,https://arxiv.org/abs/2304.02381v2
1905.04749v2,,,https://arxiv.org/abs/1905.04749v2
2302.08893v4,,,https://arxiv.org/abs/2302.08893v4
2303.15563v1,,,https://arxiv.org/abs/2303.15563v1
1705.05172v1,,,https://arxiv.org/abs/1705.05172v1
2509.08759v3,,,https://arxiv.org/abs/2509.08759v3
2404.12511v1,,,https://arxiv.org/abs/2404.12511v1
2306.14753v1,,,https://arxiv.org/abs/2306.14753v1
2307.05639v2,Learning Active Subspaces and Discovering Important Features with Gaussian Radial Basis Functions Neural Networks,"Providing a model that achieves a strong predictive performance and is simultaneously interpretable by humans is one of the most difficult challenges in machine learning research due to the conflicting nature of these two objectives. To address this challenge, we propose a modification of the radial basis function neural network model by equipping its Gaussian kernel with a learnable precision matrix. We show that precious information is contained in the spectrum of the precision matrix that can be extracted once the training of the model is completed. In particular, the eigenvectors explain the directions of maximum sensitivity of the model revealing the active subspace and suggesting potential applications for supervised dimensionality reduction. At the same time, the eigenvectors highlight the relationship in terms of absolute variation between the input and the latent variables, thereby allowing us to extract a ranking of the input variables based on their importance to the prediction task enhancing the model interpretability. We conducted numerical experiments for regression, classification, and feature selection tasks, comparing our model against popular machine learning models, the state-of-the-art deep learning-based embedding feature selection techniques, and a transformer model for tabular data. Our results demonstrate that the proposed model does not only yield an attractive prediction performance compared to the competitors but also provides meaningful and interpretable results that potentially could assist the decision-making process in real-world applications. A PyTorch implementation of the model is available on GitHub at the following link. https://github.com/dannyzx/Gaussian-RBFNN",https://arxiv.org/abs/2307.05639v2
1901.06610v2,,,https://arxiv.org/abs/1901.06610v2
1905.05918v1,,,https://arxiv.org/abs/1905.05918v1
2504.19176v2,,,https://arxiv.org/abs/2504.19176v2
1906.10015v2,,,https://arxiv.org/abs/1906.10015v2
2103.07492v4,,,https://arxiv.org/abs/2103.07492v4
1512.00242v1,,,https://arxiv.org/abs/1512.00242v1
1807.02477v1,,,https://arxiv.org/abs/1807.02477v1
2205.13273v1,,,https://arxiv.org/abs/2205.13273v1
1609.04846v1,,,https://arxiv.org/abs/1609.04846v1
2502.01654v1,Predicting concentration levels of air pollutants by transfer learning and recurrent neural network,"Air pollution (AP) poses a great threat to human health, and people are paying more attention than ever to its prediction. Accurate prediction of AP helps people to plan for their outdoor activities and aids protecting human health. In this paper, long-short term memory (LSTM) recurrent neural networks (RNNs) have been used to predict the future concentration of air pollutants (APS) in Macau. Additionally, meteorological data and data on the concentration of APS have been utilized. Moreover, in Macau, some air quality monitoring stations (AQMSs) have less observed data in quantity, and, at the same time, some AQMSs recorded less observed data of certain types of APS. Therefore, the transfer learning and pre-trained neural networks have been employed to assist AQMSs with less observed data to build a neural network with high prediction accuracy. The experimental sample covers a period longer than 12-year and includes daily measurements from several APS as well as other more classical meteorological values. Records from five stations, four out of them are AQMSs and the remaining one is an automatic weather station, have been prepared from the aforesaid period and eventually underwent to computational intelligence techniques to build and extract a prediction knowledge-based system. As shown by experimentation, LSTM RNNs initialized with transfer learning methods have higher prediction accuracy; it incurred shorter training time than randomly initialized recurrent neural networks.",https://arxiv.org/abs/2502.01654v1
1803.02421v2,,,https://arxiv.org/abs/1803.02421v2
1411.1792v1,How transferable are features in deep neural networks?,"Many deep neural networks trained on natural images exhibit a curious phenomenon in common: on the first layer they learn features similar to Gabor filters and color blobs. Such first-layer features appear not to be specific to a particular dataset or task, but general in that they are applicable to many datasets and tasks. Features must eventually transition from general to specific by the last layer of the network, but this transition has not been studied extensively. In this paper we experimentally quantify the generality versus specificity of neurons in each layer of a deep convolutional neural network and report a few surprising results. Transferability is negatively affected by two distinct issues: (1) the specialization of higher layer neurons to their original task at the expense of performance on the target task, which was expected, and (2) optimization difficulties related to splitting networks between co-adapted neurons, which was not expected. In an example network trained on ImageNet, we demonstrate that either of these two issues may dominate, depending on whether features are transferred from the bottom, middle, or top of the network. We also document that the transferability of features decreases as the distance between the base task and target task increases, but that transferring features even from distant tasks can be better than using random features. A final surprising result is that initializing a network with transferred features from almost any number of layers can produce a boost to generalization that lingers even after fine-tuning to the target dataset.",https://arxiv.org/abs/1411.1792v1
2409.05202v2,,,https://arxiv.org/abs/2409.05202v2
2311.01434v3,Tailoring Mixup to Data for Calibration,"Among all data augmentation techniques proposed so far, linear interpolation of training samples, also called Mixup, has found to be effective for a large panel of applications. Along with improved predictive performance, Mixup is also a good technique for improving calibration. However, mixing data carelessly can lead to manifold mismatch, i.e., synthetic data lying outside original class manifolds, which can deteriorate calibration. In this work, we show that the likelihood of assigning a wrong label with mixup increases with the distance between data to mix. To this end, we propose to dynamically change the underlying distributions of interpolation coefficients depending on the similarity between samples to mix, and define a flexible framework to do so without losing in diversity. We provide extensive experiments for classification and regression tasks, showing that our proposed method improves predictive performance and calibration of models, while being much more efficient.",https://arxiv.org/abs/2311.01434v3
2409.03583v1,,,https://arxiv.org/abs/2409.03583v1
2309.16633v4,,,https://arxiv.org/abs/2309.16633v4
1905.11001v5,,,https://arxiv.org/abs/1905.11001v5
2203.07559v1,,,https://arxiv.org/abs/2203.07559v1
2003.09946v4,,,https://arxiv.org/abs/2003.09946v4
1002.1144v1,,,https://arxiv.org/abs/1002.1144v1
2501.19047v5,,,https://arxiv.org/abs/2501.19047v5
2402.07307v3,,,https://arxiv.org/abs/2402.07307v3
2004.08463v2,A Unified Calibration Framework for 21 cm Cosmology,"Calibration precision is currently a limiting systematic in 21 cm cosmology experiments. While there are innumerable calibration approaches, most can be categorized as either `sky-based,' relying on an extremely accurate model of astronomical foreground emission, or `redundant,' requiring a precisely regular array with near-identical antenna response patterns. Both of these classes of calibration are inflexible to the realities of interferometric measurement. In practice, errors in the foreground model, antenna position offsets, and beam response inhomogeneities degrade calibration performance and contaminate the cosmological signal. Here we show that sky-based and redundant calibration can be unified into a highly general and physically motivated calibration framework based on a Bayesian statistical formalism. Our new framework includes sky and redundant calibration as special cases but can additionally support relaxing the rigid assumptions implicit in those approaches. Furthermore, we present novel calibration techniques such as redundant calibration for arrays with no redundant baselines, representing an alternative calibration method for imaging arrays such as the MWA Phase I. These new calibration approaches could mitigate systematics and reduce calibration error, thereby improving the precision of cosmological measurements.",https://arxiv.org/abs/2004.08463v2
2509.18426v2,,,https://arxiv.org/abs/2509.18426v2
1903.09215v4,,,https://arxiv.org/abs/1903.09215v4
2211.05409v1,,,https://arxiv.org/abs/2211.05409v1
1511.05806v1,,,https://arxiv.org/abs/1511.05806v1
2411.02988v2,,,https://arxiv.org/abs/2411.02988v2
2603.23805v1,,,https://arxiv.org/abs/2603.23805v1
2206.00744v1,,,https://arxiv.org/abs/2206.00744v1
2306.05180v1,,,https://arxiv.org/abs/2306.05180v1
1808.00111v2,,,https://arxiv.org/abs/1808.00111v2
1405.0586v3,,,https://arxiv.org/abs/1405.0586v3
2111.01245v2,,,https://arxiv.org/abs/2111.01245v2
2006.03361v1,Learning to Rank Learning Curves,"Many automated machine learning methods, such as those for hyperparameter and neural architecture optimization, are computationally expensive because they involve training many different model configurations. In this work, we present a new method that saves computational budget by terminating poor configurations early on in the training. In contrast to existing methods, we consider this task as a ranking and transfer learning problem. We qualitatively show that by optimizing a pairwise ranking loss and leveraging learning curves from other datasets, our model is able to effectively rank learning curves without having to observe many or very long learning curves. We further demonstrate that our method can be used to accelerate a neural architecture search by a factor of up to 100 without a significant performance degradation of the discovered architecture. In further experiments we analyze the quality of ranking, the influence of different model components as well as the predictive behavior of the model.",https://arxiv.org/abs/2006.03361v1
2506.09781v2,,,https://arxiv.org/abs/2506.09781v2
2509.18067v1,,,https://arxiv.org/abs/2509.18067v1
1608.04185v3,,,https://arxiv.org/abs/1608.04185v3
0803.3061v1,,,https://arxiv.org/abs/0803.3061v1
2212.06370v4,,,https://arxiv.org/abs/2212.06370v4
2306.11113v2,Learn to Accumulate Evidence from All Training Samples: Theory and Practice,"Evidential deep learning, built upon belief theory and subjective logic, offers a principled and computationally efficient way to turn a deterministic neural network uncertainty-aware. The resultant evidential models can quantify fine-grained uncertainty using the learned evidence. To ensure theoretically sound evidential models, the evidence needs to be non-negative, which requires special activation functions for model training and inference. This constraint often leads to inferior predictive performance compared to standard softmax models, making it challenging to extend them to many large-scale datasets. To unveil the real cause of this undesired behavior, we theoretically investigate evidential models and identify a fundamental limitation that explains the inferior performance: existing evidential activation functions create zero evidence regions, which prevent the model to learn from training samples falling into such regions. A deeper analysis of evidential activation functions based on our theoretical underpinning inspires the design of a novel regularizer that effectively alleviates this fundamental limitation. Extensive experiments over many challenging real-world datasets and settings confirm our theoretical findings and demonstrate the effectiveness of our proposed approach.",https://arxiv.org/abs/2306.11113v2
2105.04026v2,,,https://arxiv.org/abs/2105.04026v2
2301.00942v1,,,https://arxiv.org/abs/2301.00942v1
2403.12562v2,,,https://arxiv.org/abs/2403.12562v2
1903.03040v2,Deep learning observables in computational fluid dynamics,"Many large scale problems in computational fluid dynamics such as uncertainty quantification, Bayesian inversion, data assimilation and PDE constrained optimization are considered very challenging computationally as they require a large number of expensive (forward) numerical solutions of the corresponding PDEs. We propose a machine learning algorithm, based on deep artificial neural networks, that predicts the underlying \emph{input parameters to observable} map from a few training samples (computed realizations of this map). By a judicious combination of theoretical arguments and empirical observations, we find suitable network architectures and training hyperparameters that result in robust and efficient neural network approximations of the parameters to observable map. Numerical experiments are presented to demonstrate low prediction errors for the trained network networks, even when the network has been trained with a few samples, at a computational cost which is several orders of magnitude lower than the underlying PDE solver. Moreover, we combine the proposed deep learning algorithm with Monte Carlo (MC) and Quasi-Monte Carlo (QMC) methods to efficiently compute uncertainty propagation for nonlinear PDEs. Under the assumption that the underlying neural networks generalize well, we prove that the deep learning MC and QMC algorithms are guaranteed to be faster than the baseline (quasi-) Monte Carlo methods. Numerical experiments demonstrating one to two orders of magnitude speed up over baseline QMC and MC algorithms, for the intricate problem of computing probability distributions of the observable, are also presented.",https://arxiv.org/abs/1903.03040v2
1711.00146v1,,,https://arxiv.org/abs/1711.00146v1
2012.06469v1,,,https://arxiv.org/abs/2012.06469v1
2512.23753v1,,,https://arxiv.org/abs/2512.23753v1
1903.04717v2,Activation Analysis of a Byte-Based Deep Neural Network for Malware Classification,"Feature engineering is one of the most costly aspects of developing effective machine learning models, and that cost is even greater in specialized problem domains, like malware classification, where expert skills are necessary to identify useful features. Recent work, however, has shown that deep learning models can be used to automatically learn feature representations directly from the raw, unstructured bytes of the binaries themselves. In this paper, we explore what these models are learning about malware. To do so, we examine the learned features at multiple levels of resolution, from individual byte embeddings to end-to-end analysis of the model. At each step, we connect these byte-oriented activations to their original semantics through parsing and disassembly of the binary to arrive at human-understandable features. Through our results, we identify several interesting features learned by the model and their connection to manually-derived features typically used by traditional machine learning models. Additionally, we explore the impact of training data volume and regularization on the quality of the learned features and the efficacy of the classifiers, revealing the somewhat paradoxical insight that better generalization does not necessarily result in better performance for byte-based malware classifiers.",https://arxiv.org/abs/1903.04717v2
2603.14092v1,,,https://arxiv.org/abs/2603.14092v1
2408.08998v3,,,https://arxiv.org/abs/2408.08998v3
2405.15709v2,,,https://arxiv.org/abs/2405.15709v2
2406.11345v1,,,https://arxiv.org/abs/2406.11345v1
2404.13503v5,Calibration Error for Decision Making,"Calibration allows predictions to be reliably interpreted as probabilities by decision makers. We propose a decision-theoretic calibration error, the Calibration Decision Loss (CDL), defined as the maximum improvement in decision payoff obtained by calibrating the predictions, where the maximum is over all payoff-bounded decision tasks. Vanishing CDL guarantees the payoff loss from miscalibration vanishes simultaneously for all downstream decision tasks. We show separations between CDL and existing calibration error metrics, including the most well-studied metric Expected Calibration Error (ECE). Our main technical contribution is a new efficient algorithm for online calibration that achieves near-optimal $O(\frac{\log T}{\sqrt{T}})$ expected CDL, bypassing the $Ω(T^{-0.472})$ lower bound for ECE by Qiao and Valiant (2021).",https://arxiv.org/abs/2404.13503v5
1606.00825v2,,,https://arxiv.org/abs/1606.00825v2
2304.09590v1,,,https://arxiv.org/abs/2304.09590v1
2507.15336v2,,,https://arxiv.org/abs/2507.15336v2
2603.01172v1,Midterm Status Report of the ILC Technology Network Activities,"The ILC Technology Network (ITN) was established in 2022 by the ILC International Development Team, a subcommittee of the International Committee for Future Accelerators, to advance engineering studies toward the realisation of the International Linear Collider (ILC). While the ITN work packages focus on engineering activities for the ILC, their topics are also relevant to a broad range of accelerator applications in particle physics and beyond. These work packages are being carried out now by laboratories in Asia and Europe in close collaboration. This report summarises the current status of the ITN activities.",https://arxiv.org/abs/2603.01172v1
2510.25766v3,,,https://arxiv.org/abs/2510.25766v3
2105.04290v2,,,https://arxiv.org/abs/2105.04290v2
2012.10988v2,,,https://arxiv.org/abs/2012.10988v2
2111.03577v1,Mixtures of Laplace Approximations for Improved Post-Hoc Uncertainty in Deep Learning,"Deep neural networks are prone to overconfident predictions on outliers. Bayesian neural networks and deep ensembles have both been shown to mitigate this problem to some extent. In this work, we aim to combine the benefits of the two approaches by proposing to predict with a Gaussian mixture model posterior that consists of a weighted sum of Laplace approximations of independently trained deep neural networks. The method can be used post hoc with any set of pre-trained networks and only requires a small computational and memory overhead compared to regular ensembles. We theoretically validate that our approach mitigates overconfidence ""far away"" from the training data and empirically compare against state-of-the-art baselines on standard uncertainty quantification benchmarks.",https://arxiv.org/abs/2111.03577v1
1003.3081v1,,,https://arxiv.org/abs/1003.3081v1
2210.02410v2,,,https://arxiv.org/abs/2210.02410v2
1912.03011v3,A priori generalization error for two-layer ReLU neural network through minimum norm solution,"We focus on estimating \emph{a priori} generalization error of two-layer ReLU neural networks (NNs) trained by mean squared error, which only depends on initial parameters and the target function, through the following research line. We first estimate \emph{a priori} generalization error of finite-width two-layer ReLU NN with constraint of minimal norm solution, which is proved by \cite{zhang2019type} to be an equivalent solution of a linearized (w.r.t. parameter) finite-width two-layer NN. As the width goes to infinity, the linearized NN converges to the NN in Neural Tangent Kernel (NTK) regime \citep{jacot2018neural}. Thus, we can derive the \emph{a priori} generalization error of two-layer ReLU NN in NTK regime. The distance between NN in a NTK regime and a finite-width NN with gradient training is estimated by \cite{arora2019exact}. Based on the results in \cite{arora2019exact}, our work proves an \emph{a priori} generalization error bound of two-layer ReLU NNs. This estimate uses the intrinsic implicit bias of the minimum norm solution without requiring extra regularity in the loss function. This \emph{a priori} estimate also implies that NN does not suffer from curse of dimensionality, and a small generalization error can be achieved without requiring exponentially large number of neurons. In addition the research line proposed in this paper can also be used to study other properties of the finite-width network, such as the posterior generalization error.",https://arxiv.org/abs/1912.03011v3
2303.10559v3,Deep Learning for Camera Calibration and Beyond: A Survey,"Camera calibration involves estimating camera parameters to infer geometric features from captured sequences, which is crucial for computer vision and robotics. However, conventional calibration is laborious and requires dedicated collection. Recent efforts show that learning-based solutions have the potential to be used in place of the repeatability works of manual calibrations. Among these solutions, various learning strategies, networks, geometric priors, and datasets have been investigated. In this paper, we provide a comprehensive survey of learning-based camera calibration techniques, by analyzing their strengths and limitations. Our main calibration categories include the standard pinhole camera model, distortion camera model, cross-view model, and cross-sensor model, following the research trend and extended applications. As there is no unified benchmark in this community, we collect a holistic calibration dataset that can serve as a public platform to evaluate the generalization of existing methods. It comprises both synthetic and real-world data, with images and videos captured by different cameras in diverse scenes. Toward the end of this paper, we discuss the challenges and provide further research directions. To our knowledge, this is the first survey for the learning-based camera calibration (spanned 10 years). The summarized methods, datasets, and benchmarks are available and will be regularly updated at https://github.com/KangLiao929/Awesome-Deep-Camera-Calibration.",https://arxiv.org/abs/2303.10559v3
1012.2631v2,,,https://arxiv.org/abs/1012.2631v2
1901.02302v2,,,https://arxiv.org/abs/1901.02302v2
1704.08045v2,,,https://arxiv.org/abs/1704.08045v2
2404.11159v1,Deep Portrait Quality Assessment. A NTIRE 2024 Challenge Survey,"This paper reviews the NTIRE 2024 Portrait Quality Assessment Challenge, highlighting the proposed solutions and results. This challenge aims to obtain an efficient deep neural network capable of estimating the perceptual quality of real portrait photos. The methods must generalize to diverse scenes and diverse lighting conditions (indoor, outdoor, low-light), movement, blur, and other challenging conditions. In the challenge, 140 participants registered, and 35 submitted results during the challenge period. The performance of the top 5 submissions is reviewed and provided here as a gauge for the current state-of-the-art in Portrait Quality Assessment.",https://arxiv.org/abs/2404.11159v1
2410.02371v1,,,https://arxiv.org/abs/2410.02371v1
1610.06480v1,,,https://arxiv.org/abs/1610.06480v1
2403.00634v2,,,https://arxiv.org/abs/2403.00634v2
2409.08956v1,,,https://arxiv.org/abs/2409.08956v1
2509.21777v1,,,https://arxiv.org/abs/2509.21777v1
1407.4832v1,,,https://arxiv.org/abs/1407.4832v1
2211.01154v1,Mitigating Popularity Bias in Recommendation with Unbalanced Interactions: A Gradient Perspective,"Recommender systems learn from historical user-item interactions to identify preferred items for target users. These observed interactions are usually unbalanced following a long-tailed distribution. Such long-tailed data lead to popularity bias to recommend popular but not personalized items to users. We present a gradient perspective to understand two negative impacts of popularity bias in recommendation model optimization: (i) the gradient direction of popular item embeddings is closer to that of positive interactions, and (ii) the magnitude of positive gradient for popular items are much greater than that of unpopular items. To address these issues, we propose a simple yet efficient framework to mitigate popularity bias from a gradient perspective. Specifically, we first normalize each user embedding and record accumulated gradients of users and items via popularity bias measures in model training. To address the popularity bias issues, we develop a gradient-based embedding adjustment approach used in model testing. This strategy is generic, model-agnostic, and can be seamlessly integrated into most existing recommender systems. Our extensive experiments on two classic recommendation models and four real-world datasets demonstrate the effectiveness of our method over state-of-the-art debiasing baselines.",https://arxiv.org/abs/2211.01154v1
2203.11026v1,,,https://arxiv.org/abs/2203.11026v1
2402.03481v1,,,https://arxiv.org/abs/2402.03481v1
1608.02791v2,,,https://arxiv.org/abs/1608.02791v2
2201.09170v3,"Online Self-Calibration for Visual-Inertial Navigation Systems: Models, Analysis and Degeneracy","In this paper, we study in-depth the problem of online self-calibration for robust and accurate visual-inertial state estimation. In particular, we first perform a complete observability analysis for visual-inertial navigation systems (VINS) with full calibration of sensing parameters, including IMU and camera intrinsics and IMU-camera spatial-temporal extrinsic calibration, along with readout time of rolling shutter (RS) cameras (if used). We investigate different inertial model variants containing IMU intrinsic parameters that encompass most commonly used models for low-cost inertial sensors. The observability analysis results prove that VINS with full sensor calibration has four unobservable directions, corresponding to the system's global yaw and translation, while all sensor calibration parameters are observable given fully-excited 6-axis motion. Moreover, we, for the first time, identify primitive degenerate motions for IMU and camera intrinsic calibration. Each degenerate motion profile will cause a set of calibration parameters to be unobservable and any combination of these degenerate motions are still degenerate. Extensive Monte-Carlo simulations and real-world experiments are performed to validate both the observability analysis and identified degenerate motions, showing that online self-calibration improves system accuracy and robustness to calibration inaccuracies. We compare the proposed online self-calibration on commonly-used IMUs against the state-of-art offline calibration toolbox Kalibr, and show that the proposed system achieves better consistency and repeatability. Based on our analysis and experimental evaluations, we also provide practical guidelines for how to perform online IMU-camera sensor self-calibration.",https://arxiv.org/abs/2201.09170v3
2206.03761v2,,,https://arxiv.org/abs/2206.03761v2
2508.13209v2,,,https://arxiv.org/abs/2508.13209v2
1302.1596v3,,,https://arxiv.org/abs/1302.1596v3
2305.00070v3,,,https://arxiv.org/abs/2305.00070v3
2410.18144v3,,,https://arxiv.org/abs/2410.18144v3
1503.08458v2,Isotonic regression and isotonic projection,The note describes the cones in the Euclidean space admitting isotonic metric projection with respect to the coordinate-wise ordering. As a consequence it is showed that the metric projection onto the regression cone (the cone defined by the general isotonic regression problem) admits a projection which is isotonic with respect to the coordinate-wise ordering.,https://arxiv.org/abs/1503.08458v2
2502.15131v3,,,https://arxiv.org/abs/2502.15131v3
2207.01242v2,,,https://arxiv.org/abs/2207.01242v2
2206.07884v1,,,https://arxiv.org/abs/2206.07884v1
2407.16096v2,,,https://arxiv.org/abs/2407.16096v2
1711.00455v3,,,https://arxiv.org/abs/1711.00455v3
2310.15204v1,,,https://arxiv.org/abs/2310.15204v1
1404.3455v1,,,https://arxiv.org/abs/1404.3455v1
2508.09395v2,,,https://arxiv.org/abs/2508.09395v2
2301.09126v2,,,https://arxiv.org/abs/2301.09126v2
1912.12081v3,,,https://arxiv.org/abs/1912.12081v3
1810.13192v4,Nearly-tight bounds on linear regions of piecewise linear neural networks,"The developments of deep neural networks (DNN) in recent years have ushered a brand new era of artificial intelligence. DNNs are proved to be excellent in solving very complex problems, e.g., visual recognition and text understanding, to the extent of competing with or even surpassing people. Despite inspiring and encouraging success of DNNs, thorough theoretical analyses still lack to unravel the mystery of their magics. The design of DNN structure is dominated by empirical results in terms of network depth, number of neurons and activations. A few of remarkable works published recently in an attempt to interpret DNNs have established the first glimpses of their internal mechanisms. Nevertheless, research on exploring how DNNs operate is still at the initial stage with plenty of room for refinement. In this paper, we extend precedent research on neural networks with piecewise linear activations (PLNN) concerning linear regions bounds. We present (i) the exact maximal number of linear regions for single layer PLNNs; (ii) a upper bound for multi-layer PLNNs; and (iii) a tighter upper bound for the maximal number of liner regions on rectifier networks. The derived bounds also indirectly explain why deep models are more powerful than shallow counterparts, and how non-linearity of activation functions impacts on expressiveness of networks.",https://arxiv.org/abs/1810.13192v4
2110.15725v1,,,https://arxiv.org/abs/2110.15725v1
2210.07774v3,,,https://arxiv.org/abs/2210.07774v3
2008.02460v1,DeText: A Deep Text Ranking Framework with BERT,"Ranking is the most important component in a search system. Mostsearch systems deal with large amounts of natural language data,hence an effective ranking system requires a deep understandingof text semantics. Recently, deep learning based natural languageprocessing (deep NLP) models have generated promising results onranking systems. BERT is one of the most successful models thatlearn contextual embedding, which has been applied to capturecomplex query-document relations for search ranking. However,this is generally done by exhaustively interacting each query wordwith each document word, which is inefficient for online servingin search product systems. In this paper, we investigate how tobuild an efficient BERT-based ranking model for industry use cases.The solution is further extended to a general ranking framework,DeText, that is open sourced and can be applied to various rankingproductions. Offline and online experiments of DeText on threereal-world search systems present significant improvement overstate-of-the-art approaches.",https://arxiv.org/abs/2008.02460v1
2301.06606v1,,,https://arxiv.org/abs/2301.06606v1
2406.08010v1,,,https://arxiv.org/abs/2406.08010v1
1709.06342v4,Assessing Visual Quality of Omnidirectional Videos,"In contrast with traditional video, omnidirectional video enables spherical viewing direction with support for head-mounted displays, providing an interactive and immersive experience. Unfortunately, to the best of our knowledge, there are few visual quality assessment (VQA) methods, either subjective or objective, for omnidirectional video coding. This paper proposes both subjective and objective methods for assessing quality loss in encoding omnidirectional video. Specifically, we first present a new database, which includes the viewing direction data from several subjects watching omnidirectional video sequences. Then, from our database, we find a high consistency in viewing directions across different subjects. The viewing directions are normally distributed in the center of the front regions, but they sometimes fall into other regions, related to video content. Given this finding, we present a subjective VQA method for measuring difference mean opinion score (DMOS) of the whole and regional omnidirectional video, in terms of overall DMOS (O-DMOS) and vectorized DMOS (V-DMOS), respectively. Moreover, we propose two objective VQA methods for encoded omnidirectional video, in light of human perception characteristics of omnidirectional video. One method weighs the distortion of pixels with regard to their distances to the center of front regions, which considers human preference in a panorama. The other method predicts viewing directions according to video content, and then the predicted viewing directions are leveraged to allocate weights to the distortion of each pixel in our objective VQA method. Finally, our experimental results verify that both the subjective and objective methods proposed in this paper advance state-of-the-art VQA for omnidirectional video.",https://arxiv.org/abs/1709.06342v4
2503.06920v2,AlignPxtr: Aligning Predicted Behavior Distributions for Bias-Free Video Recommendations,"In video recommendation systems, user behaviors such as watch time, likes, and follows are commonly used to infer user interest. However, these behaviors are influenced by various biases, including duration bias, demographic biases, and content category biases, which obscure true user preferences. In this paper, we hypothesize that biases and user interest are independent of each other. Based on this assumption, we propose a novel method that aligns predicted behavior distributions across different bias conditions using quantile mapping, theoretically guaranteeing zero mutual information between bias variables and the true user interest. By explicitly modeling the conditional distributions of user behaviors under different biases and mapping these behaviors to quantiles, we effectively decouple user interest from the confounding effects of various biases. Our approach uniquely handles both continuous signals (e.g., watch time) and discrete signals (e.g., likes, comments), while simultaneously addressing multiple bias dimensions. Additionally, we introduce a computationally efficient mean alignment alternative technique for practical real-time inference in large-scale systems. We validate our method through online A/B testing on two major video platforms: Kuaishou Lite and Kuaishou. The results demonstrate significant improvements in user engagement and retention, with \textbf{cumulative lifts of 0.267\% and 0.115\% in active days, and 1.102\% and 0.131\% in average app usage time}, respectively. The results demonstrate that our approach consistently achieves significant improvements in long-term user retention and substantial gains in average app usage time across different platforms. Our core code will be publised at https://github.com/justopit/CQE.",https://arxiv.org/abs/2503.06920v2
1904.03567v2,,,https://arxiv.org/abs/1904.03567v2
2410.09380v1,,,https://arxiv.org/abs/2410.09380v1
1609.02451v2,,,https://arxiv.org/abs/1609.02451v2
2109.11059v2,,,https://arxiv.org/abs/2109.11059v2
2105.08191v1,,,https://arxiv.org/abs/2105.08191v1
2001.10696v5,Spiking Inception Module for Multi-layer Unsupervised Spiking Neural Networks,"Spiking Neural Network (SNN), as a brain-inspired approach, is attracting attention due to its potential to produce ultra-high-energy-efficient hardware. Competitive learning based on Spike-Timing-Dependent Plasticity (STDP) is a popular method to train an unsupervised SNN. However, previous unsupervised SNNs trained through this method are limited to a shallow network with only one learnable layer and cannot achieve satisfactory results when compared with multi-layer SNNs. In this paper, we eased this limitation by: 1)We proposed a Spiking Inception (Sp-Inception) module, inspired by the Inception module in the Artificial Neural Network (ANN) literature. This module is trained through STDP-based competitive learning and outperforms the baseline modules on learning capability, learning efficiency, and robustness. 2)We proposed a Pooling-Reshape-Activate (PRA) layer to make the Sp-Inception module stackable. 3)We stacked multiple Sp-Inception modules to construct multi-layer SNNs. Our algorithm outperforms the baseline algorithms on the hand-written digit classification task, and reaches state-of-the-art results on the MNIST dataset among the existing unsupervised SNNs.",https://arxiv.org/abs/2001.10696v5
2211.12231v1,,,https://arxiv.org/abs/2211.12231v1
1304.1836v2,A Simulation and Modeling of Access Points with Definition Language,"This submission has been withdrawn by arXiv administrators because it contains fictitious content and was submitted under a pseudonym, which is against arXiv policy.",https://arxiv.org/abs/1304.1836v2
1005.0280v6,,,https://arxiv.org/abs/1005.0280v6
1011.5746v2,Intutionistic Fuzzy Ideals in Γ-semiring,This article has been withdrawn by arXiv administrators due to plagiarized content from arXiv:1010.2469.,https://arxiv.org/abs/1011.5746v2
1001.2258v2,,,https://arxiv.org/abs/1001.2258v2
1407.7158v2,,,https://arxiv.org/abs/1407.7158v2
1706.04599,,,https://arxiv.org/abs/1706.04599
1503.02808,,,https://arxiv.org/abs/1503.02808
2104.08223,,,https://arxiv.org/abs/2104.08223
1811.09625,,,https://arxiv.org/abs/1811.09625
2106.03277,,,https://arxiv.org/abs/2106.03277
